_id,상품ID,이름,별점,네이버/한달사용,내용
658e86f2864d408d43efef35,658e86ed864d408d43efef34,배**,5,,배송빠르고물건도좋네요 다음에또주문할께요\n감사합니다
658e86f2864d408d43efef36,658e86ed864d408d43efef34,설**,5,,아래 버전과는 차이는 잘 모르겟지만\n효과는 역시 좋습니다\n잘 쓰고 있아요
658e86f2864d408d43efef37,658e86ed864d408d43efef34,김**,5,한달사용후기,정말잘쓰고 있습니다 ~ 내년에도 또 구매할께요\n번창하세요
658e86f2864d408d43efef38,658e86ed864d408d43efef34,**,5,한달사용후기,잘쓰겠습니다..\n.
658e86f2864d408d43efef39,658e86ed864d408d43efef34,**,5,네이버사용후기,감사합니다 잘 사용하고 있습니다^^
658e86f2864d408d43efef3a,658e86ed864d408d43efef34,최**,5,네이버사용후기,잘 받았습니다 여름 겨울에 하나씩 써야겠네요~ 엔진소리가 좀 작아진거같아요
658e86f2864d408d43efef3b,658e86ed864d408d43efef34,최**,5,네이버사용후기,배송빠르고 기존제품보다 정숙성이 더좋아진거같네요.더사야할거같습시다
658e86f2864d408d43efef3c,658e86ed864d408d43efef34,이**,5,네이버사용후기,배송도 빠르고 할인할때 저렴하게 잘 산거 같습니다~\n성능이야 말해뭐합니까~
658e86f2864d408d43efef3d,658e86ed864d408d43efef34,김**,5,,행사할때 한개씩 넣어주려고 샀어요. 플래티넘보다 시그니쳐가 좋다길래 사봤는데 아직 잘 모르겠네요 일단 꾸준히 ...
658e86f3864d408d43efef3e,658e86ed864d408d43efef34,김**,5,,휘발유 차량 운행하다가 디젤차량으로 바꿔서 구매했어요 워낙 유명한 제품이고 연비랑 엔진세정에 효과가있다고 ...
658e86f5864d408d43efef3f,658e86ed864d408d43efef34,서**,5,한달사용후기,정기적으로 매번 잘 사용하고 있습니다~~\n아주 강추해요!!!^^
658e86f5864d408d43efef40,658e86ed864d408d43efef34,장**,5,한달사용후기,신차 구입 후 불스원 꾸준히 넣어 주고 있습니다. 요즘 악셀이 조금 떨리는데 넣으면 조금 부드러워지는 느낌이 있...
658e86f5864d408d43efef41,658e86ed864d408d43efef34,손**,4,,솔직히 경차에 사용해서 그런가 연비나 출력부분은 느낌이 안옵니다
658e86f5864d408d43efef42,658e86ed864d408d43efef34,전**,5,,믿고쓰는 불스원샷 시그니처\n항상오랫동안 쓰고 있습니다\n불스원최고
658e86f5864d408d43efef43,658e86ed864d408d43efef34,**,5,,분기마다 한개씩 넣어주고있습니다
658e86f5864d408d43efef44,658e86ed864d408d43efef34,이**,5,네이버사용후기,한번 더 구매합니다~
658e86f5864d408d43efef45,658e86ed864d408d43efef34,**,5,네이버사용후기,배송이 빠르고 좋습니다
658e86f5864d408d43efef46,658e86ed864d408d43efef34,**,5,네이버사용후기,사용하기 편해서 좋아요
658e86f5864d408d43efef47,658e86ed864d408d43efef34,여**,5,네이버사용후기,배송도 빠르고 6개를 행사가에 싸게 샀어요 3개월에 1번씩 주입할 생각입니다
658e86f5864d408d43efef48,658e86ed864d408d43efef34,**,5,네이버사용후기,빠른배송감사합니다.
658e86f8864d408d43efef49,658e86ed864d408d43efef34,**,5,네이버사용후기,첨가하니까 자동차 소음도 적어지고 좋아요
658e86f8864d408d43efef4a,658e86ed864d408d43efef34,**,4,네이버사용후기,좋은 품질에 가격 적당한 제품 잘 받았습니다.
658e86f8864d408d43efef4b,658e86ed864d408d43efef34,김**,5,네이버사용후기,빠른 배송 감사해요~사용전이지만 브랜드 네임 믿고 잘 사용하겠습니다.
658e86f8864d408d43efef4c,658e86ed864d408d43efef34,고**,5,네이버사용후기,서용전인데 먼가 좋아지겠죠
658e86f8864d408d43efef4d,658e86ed864d408d43efef34,이**,5,네이버사용후기,"일년에 키로수 많이 뛰어요 따로 인젝터 클리닝 안해요~ 눈,비오는 날에 주유할 경우 많아서 연료통에 수분 유입 ..."
658e86f8864d408d43efef4e,658e86ed864d408d43efef34,**,5,네이버사용후기,믿고 쓰는 불스원샷~
658e86f8864d408d43efef4f,658e86ed864d408d43efef34,조**,5,네이버사용후기,저렴하게 1년치구매했어요 엔진소음조금줄었으면좋겠어요
658e86f8864d408d43efef50,658e86ed864d408d43efef34,이**,5,네이버사용후기,"불스원샷 넣고 주행한지 5000km가 넘어 재구매 했습니다. 불스원샷 시그니쳐 제품은 수분제거 기능이 있어, 겨울철..."
658e86f8864d408d43efef51,658e86ed864d408d43efef34,윤**,5,,항상 재구매 해서 사용하고 있는데 너무 좋아요 이번에 행사가로 저렴하게 구매해서 너무 좋아요
658e86f8864d408d43efef52,658e86ed864d408d43efef34,윤**,5,네이버사용후기,주유 할때마다 계속 사용해 왔는데 출력증강 연료절감 소음 감소등 너무 좋아서 계속 사용하고 있어요 이벤트 행...
658e86fa864d408d43efef53,658e86ed864d408d43efef34,최**,5,,출시후 계속 재구매 하고 있네요\n만족합니다\n잘 사용하겠습니다
658e86fa864d408d43efef54,658e86ed864d408d43efef34,**,5,네이버사용후기,56ㅀ송ㄹ호로ㅓ6ㄱ54
658e86fa864d408d43efef55,658e86ed864d408d43efef34,**,5,네이버사용후기,잘 받았습니다 잘 쓸게요
658e86fa864d408d43efef56,658e86ed864d408d43efef34,하**,5,네이버사용후기,잘 사용하고 있습니다 ㅎㅎ\n감사합니다 부드러워 진 것 같아요
658e86fa864d408d43efef57,658e86ed864d408d43efef34,**,5,네이버사용후기,사용후 엔진 소음이나 연비가 다소 좋아졌어요
658e86fa864d408d43efef58,658e86ed864d408d43efef34,**,5,한달사용후기,엔진소음이 부드러워진 것 같습니다
658e86fa864d408d43efef59,658e86ed864d408d43efef34,**,5,한달사용후기,처음 써봤는데 사실 별로 달라진 건 못느꼈습니다.
658e86fa864d408d43efef5a,658e86ed864d408d43efef34,**,3,네이버사용후기,연료 첨가제는 가끔씩 넣는 편인데 스텐다드는 안넣어 봐서 모르겠고 골드만 두번 넣어 봤는데 어째 기분상 골드가 ...
658e86fa864d408d43efef5b,658e86ed864d408d43efef34,김**,5,네이버사용후기,매전 사용하던 제품입니다 ㅎ 좋아요
658e86fa864d408d43efef5c,658e86ed864d408d43efef34,**,5,네이버사용후기,사용후 엔진 진동이 눈에 띄게 감소해서 좋아요
658e86fc864d408d43efef5d,658e86ed864d408d43efef34,배**,5,네이버사용후기,넣고 기름 가득 채우고 한칸정도 사용중인데 별다른건 안느껴집니다. 갑자기 날이 풀려서 그런지 체감이 안느껴져요...
658e86fd864d408d43efef5e,658e86ed864d408d43efef34,공**,5,네이버사용후기,키로수가 많아질 수록 꼭 챙겨 넣으세요 엔진에 카본이 많을겁니다 깨끗하게 청소해주는 불스원샷 시그니처 말해모...
658e86fd864d408d43efef5f,658e86ed864d408d43efef34,**,5,,배성이 빠르고 저렴해서 좋아요
658e86fd864d408d43efef60,658e86ed864d408d43efef34,**,5,네이버사용후기,"꾸준히 3,000키로 마다 넣고 있습니다. 효과 있으면 좋겠네요."
658e86fd864d408d43efef61,658e86ed864d408d43efef34,**,5,네이버사용후기,배송도빠르고 좋아요
658e86fd864d408d43efef62,658e86ed864d408d43efef34,김**,5,네이버사용후기,가성비최고입니다 꾸준히 넣어야지요\n아주 효과 좋은것 같습니다
658e86fd864d408d43efef63,658e86ed864d408d43efef34,**,5,네이버사용후기,사용은 해보았으나...체감상 아직 모르겠어요 일단 엔진소음은 줄어든거같으나 몇번더 구매후지속력을 지켜볼예정입...
658e86fd864d408d43efef64,658e86ed864d408d43efef34,**,5,네이버사용후기,평소에 주유소에서 넣고 다녔는데.\n주행 해보면 확실히 차이가 있네요
658e86fd864d408d43efef65,658e86ed864d408d43efef34,**,3,네이버사용후기,피부로는 잘 못느끼겠지만... 어쨋든... 불스원샷 이름보고 써봅니다~
658e86fd864d408d43efef66,658e86ed864d408d43efef34,이**,5,,빠른배송감사합니다\n\n아직.사용전이긴하나 기대하고잇습니다~
658e86ff864d408d43efef67,658e86ed864d408d43efef34,김**,5,한달사용후기,아직 사용하진 않았지만 불스원 제품 믿고 씁니다!\n아직 사용하진 않았지만 불스원 제품 믿고 씁니다!
658e86ff864d408d43efef68,658e86ed864d408d43efef34,**,5,한달사용후기,좋은 가격으로 구매했네요!
658e86ff864d408d43efef69,658e86ed864d408d43efef34,**,5,네이버사용후기,감사합니다. 잘 쓰고 있어요
658e86ff864d408d43efef6a,658e86ed864d408d43efef34,**,5,네이버사용후기,배송 빠르고 좋았습니다
658e86ff864d408d43efef6b,658e86ed864d408d43efef34,박**,5,네이버사용후기,배송 빠르고 잘받았어요. 항상 쓰는 제품이라 잘쓰고 있어요.
658e86ff864d408d43efef6c,658e86ed864d408d43efef34,**,5,네이버사용후기,겨울철 엔진에 무리가 갈 수 있는데 불스원샷으로 언제나 새차처럼 다닙니다~^^\n재구매 의사 있습니다
658e86ff864d408d43efef6d,658e86ed864d408d43efef34,**,5,네이버사용후기,배송도 빠르고 좋습니다.
658e86ff864d408d43efef6e,658e86ed864d408d43efef34,**,5,네이버사용후기,너무너무연비가좋아요
658e86ff864d408d43efef6f,658e86ed864d408d43efef34,**,5,,믿고 구매하는 제품이에요. 다른 분들도 추천 많이 하시더라구요
658e86ff864d408d43efef70,658e86ed864d408d43efef34,**,5,네이버사용후기,재품이 좋아요~~ 차량이 확실히 달라진게 느낌이나네요~
658e8701864d408d43efef71,658e86ed864d408d43efef34,김**,5,네이버사용후기,배송도 빠르고 좋아요
658e8701864d408d43efef72,658e86ed864d408d43efef34,**,5,네이버사용후기,내차에 먹이는 보약이죠ㅎㅎㅎ
658e8701864d408d43efef73,658e86ed864d408d43efef34,김**,5,네이버사용후기,배송이 빠르고 세정력이 매우 좋아요 추천합니다 구매하세요
658e8701864d408d43efef74,658e86ed864d408d43efef34,이**,5,네이버사용후기,시그니쳐는 분기 마다 넣어 주고 있는데 디젤차가 전기차 같아 지네요 과연 제말이 거짓말 일까요?
658e8702864d408d43efef75,658e86ed864d408d43efef34,**,5,,디젤차 타시면 걍 3개월에 한번씩만 넣으세요
658e8702864d408d43efef76,658e86ed864d408d43efef34,**,5,,기분탓인지 아닌지 모르겠지만 좋은듯
658e8702864d408d43efef77,658e86ed864d408d43efef34,**,5,네이버사용후기,배송도 품질도 만족합니다.
658e8702864d408d43efef78,658e86ed864d408d43efef34,김**,5,네이버사용후기,최고는 최고를 알아본다.\n겨울철에도 쌈박하게 고고씽~~~~~~~~~~~~~~
658e8702864d408d43efef79,658e86ed864d408d43efef34,**,5,네이버사용후기,저번에도 저렴하게 구매했는데 이번에도 저렴하게 잘구매했습니다 감사합니다
658e8702864d408d43efef7a,658e86ed864d408d43efef34,**,5,네이버사용후기,사용해볼게요 일단 잘 쓸게여
658e8704864d408d43efef7b,658e86ed864d408d43efef34,조**,5,네이버사용후기,많이 파세요 잘쓰겠습니다.
658e8704864d408d43efef7c,658e86ed864d408d43efef34,**,5,네이버사용후기,정말 좋아요 추천합니다
658e8704864d408d43efef7d,658e86ed864d408d43efef34,**,5,네이버사용후기,빠른배송에 감사합니다.
658e8704864d408d43efef7e,658e86ed864d408d43efef34,**,5,네이버사용후기,좋아요 차가 잘 나가요
658e8704864d408d43efef7f,658e86ed864d408d43efef34,배**,5,네이버사용후기,처음사용하는데\n좋은거같아요
658e8704864d408d43efef80,658e86ed864d408d43efef34,배**,5,네이버사용후기,처음사용하는데\n좋은거같아요
658e8704864d408d43efef81,658e86ed864d408d43efef34,이**,5,네이버사용후기,잘 사용 하고 있어요
658e8704864d408d43efef82,658e86ed864d408d43efef34,**,5,네이버사용후기,확실히 출력이 좋아지네요
658e8704864d408d43efef83,658e86ed864d408d43efef34,이**,5,네이버사용후기,아버지가 구매해 달라고 해서 주문했는데 벌써 3번째네요. 배송 빠르고 좋아요. 사은품도 잘 받았습니다.
658e8704864d408d43efef84,658e86ed864d408d43efef34,**,5,네이버사용후기,항상 잘 사용하고 있습니다~
658e8706864d408d43efef85,658e86ed864d408d43efef34,**,5,네이버사용후기,항상 잘 사용하고 있습니다~
658e8706864d408d43efef86,658e86ed864d408d43efef34,전**,5,네이버사용후기,배송도 빠르고 제품도 만족스럽습니다.
658e8706864d408d43efef87,658e86ed864d408d43efef34,**,5,네이버사용후기,"좋다 하니까, 일단 사용해 볼께요. 연말에 부산까지 고속도로 쫙 달려보고 좋으면 또 살께요"
658e8706864d408d43efef88,658e86ed864d408d43efef34,**,5,네이버사용후기,기본 보다 프리미엄이니까 더 좋겠죠?
658e8706864d408d43efef89,658e86ed864d408d43efef34,백**,5,네이버사용후기,빠른배송 감사합니다
658e8707864d408d43efef8a,658e86ed864d408d43efef34,김**,5,네이버사용후기,효과가 기대 이상으로 잘 발휘되길 기대하구 좋으면 재구매할게요~~^^
658e8707864d408d43efef8b,658e86ed864d408d43efef34,전**,4,네이버사용후기,택배박스는 아무 이상 없는데 내용물 박스는 너무 상태가 안좋네요... 판매상품인데 내용물 박스가 엉망인데 그대로...
658e8707864d408d43efef8c,658e86ed864d408d43efef34,**,4,네이버사용후기,사용하고 만족스러워요
658e8707864d408d43efef8d,658e86ed864d408d43efef34,**,5,네이버사용후기,역시 불스 믿고쓰는제품입니다.
658e8707864d408d43efef8e,658e86ed864d408d43efef34,**,1,네이버사용후기,"연비 30퍼센트 가까이 떨어져 차를 탈 때마다 마음이 무거워서 글 남겨 봄. 셀토스유저이며, 23년 1월 출고하여 12..."
658e8709864d408d43efef8f,658e86ed864d408d43efef34,**,5,네이버사용후기,이런것도 넣어야 된다해서 검색해서 구매했어요아직 넣어보지 않았지만 좋은구성에 구매해서 계절마다 넣어볼려구요...
658e8709864d408d43efef90,658e86ed864d408d43efef34,**,5,네이버사용후기,"좋은제품 싸게 잘산거같아요.,"
658e8709864d408d43efef91,658e86ed864d408d43efef34,**,5,네이버사용후기,너무 부드러워져서 만족해요
658e8709864d408d43efef92,658e86ed864d408d43efef34,안**,5,네이버사용후기,"기존에 5000km 혹은 6개월마다 불스원샷을 항상 넣고 관리해왔는데 스텐다드, 프리미엄, 골드, 플레티넘 순으로 점..."
658e8709864d408d43efef93,658e86ed864d408d43efef34,**,5,네이버사용후기,연말에 기름 넣을 때 같이 넣으려고 샀습니다
658e8709864d408d43efef94,658e86ed864d408d43efef34,한**,5,네이버사용후기,할인해서 샀어요.\n이번 기회에 좋은것도 써 보려고요.\n기대하고 있어요.
658e8709864d408d43efef95,658e86ed864d408d43efef34,김**,5,,겨울철 수분제거 인젝터 청소에는 시그니처 강추 한번 넣어보니 계속 넣게 되네요. 세탄가도 올라가서 그런지 일발...
658e8709864d408d43efef96,658e86ed864d408d43efef34,김**,5,네이버사용후기,좋은제품 빠르고 저렴하게 감사합니다!!
658e8709864d408d43efef97,658e86ed864d408d43efef34,서**,5,네이버사용후기,좋은제품 저렴하게사서 좋아요
658e8709864d408d43efef98,658e86ed864d408d43efef34,방**,5,,엔진속을 보진 못하지만 괜찮은거 같네요. 매년 두개정도 꾸준히 넣네요.
658e8717864d408d43efef9a,658e8712864d408d43efef99,**,5,네이버사용후기,좋아요 좋아요 좋아요
658e8717864d408d43efef9b,658e8712864d408d43efef99,지**,4,네이버사용후기,처음 사용해보는거라 아직 잘모르겠음
658e8718864d408d43efef9c,658e8712864d408d43efef99,양**,5,네이버사용후기,엔진오일 교환할때 꼭 같이 사용하고 있는데 효과가 있어서 주기적으로 믿고 씁니다
658e8718864d408d43efef9d,658e8712864d408d43efef99,하**,5,네이버사용후기,잘 사용하고 있습니다 ㅎㅎ\n감사합니다 부드러워 진 것 같아요
658e8718864d408d43efef9e,658e8712864d408d43efef99,공**,5,,엔진오일 교체할때 첨가제를 꼭 넣어주는 편입니다\n코팅이 되야 엔진에 손상도 될되고 좋습니다\n부드럽게 잘나가요
658e8718864d408d43efef9f,658e8712864d408d43efef99,**,5,한달사용후기,사용하면 할수록 만족하고 있습니다~ 좋네요~
658e8718864d408d43efefa0,658e8712864d408d43efef99,김**,5,한달사용후기,역쉬 차가 안정적으로 잘 나갑니다.
658e8718864d408d43efefa1,658e8712864d408d43efef99,**,5,,엔진오일을 10000km때마다 가는데 이 제품 넣어주면 확실히 소리가 달라지네요 그리고 부드럽게 잘 나가는 느낌도 ...
658e8718864d408d43efefa2,658e8712864d408d43efef99,김**,5,네이버사용후기,아직 사용하진 않았지만 불스원 제품 믿고 씁니다!\n아직 사용하진 않았지만 불스원 제품 믿고 씁니다!
658e8718864d408d43efefa3,658e8712864d408d43efef99,**,5,네이버사용후기,엔진오일 교체시마다 넣어주고있네요
658e871a864d408d43efefa4,658e8712864d408d43efef99,김**,5,한달사용후기,시그니처 주입시 엔진소음이 확실히 좋아졌네요.\n다음에 엔진오일교환시 재구매할께요
658e871a864d408d43efefa5,658e8712864d408d43efef99,이**,5,한달사용후기,한달동안 써본결과 진짜 겨울에 같이 첨가하면 엔진이 부드럽고 조용합니다.
658e871a864d408d43efefa6,658e8712864d408d43efef99,하**,5,한달사용후기,4통구입해서 1통 넣었습니다. 믿고 구입합니다.
658e871a864d408d43efefa7,658e8712864d408d43efef99,이**,5,한달사용후기,관리차원에서 항상 구매하고 사용 하고 있어요
658e871a864d408d43efefa8,658e8712864d408d43efef99,전**,5,네이버사용후기,배송도 빠르고 제품도 만족스럽습니다.
658e871a864d408d43efefa9,658e8712864d408d43efef99,**,5,네이버사용후기,사용후 체감될정도의 잔 진동감소
658e871a864d408d43efefaa,658e8712864d408d43efef99,김**,5,네이버사용후기,효과가 기대 이상으로 잘 발휘되길 기대하구 좋으면 재구매할게요~~^^
658e871a864d408d43efefab,658e8712864d408d43efef99,안**,5,네이버사용후기,"엔진오일을 평소 5,000~7,000(km) 마다 교체하는데 교체 때마다 불스원 엔진코팅제를 넣는데요 70,000km 이상인 프..."
658e871a864d408d43efefac,658e8712864d408d43efef99,송**,5,네이버사용후기,믿고쓰는제품이죠....\n불스원 믿을만 합니다....
658e871a864d408d43efefad,658e8712864d408d43efef99,이**,5,네이버사용후기,아직 신차라서 큰차이는 못느끼겠지만 냉간시 소음이 조금 줄은듯해서 관리차원에서 꾸준히 넣어줄려구 재구매했습...
658e871d864d408d43efefae,658e8712864d408d43efef99,김**,5,네이버사용후기,좋은제품 빠르고 저렴하게 감사합니다!!
658e871d864d408d43efefaf,658e8712864d408d43efef99,**,5,네이버사용후기,"상품평이 좋아 구매했는데, 배송도 빠르네요."
658e871d864d408d43efefb0,658e8712864d408d43efef99,박**,5,네이버사용후기,믿고 쓰는 불스원! 시간이 지날수록 소음이 줄어들었네요
658e871d864d408d43efefb1,658e8712864d408d43efef99,윤**,5,네이버사용후기,엔진오일 갈때되서 홀린듯이 샀네요 ㅋㅋ 1년에 한번 갈아서 적게 사도 되는데 45% 할인에 그만;; 넣어봐야 알겠지...
658e871d864d408d43efefb2,658e8712864d408d43efef99,강**,5,네이버사용후기,"잘 쓰고 있습니다~\n다음번에도 잘 부탁드립니다.,"
658e871d864d408d43efefb3,658e8712864d408d43efef99,**,5,네이버사용후기,믿고쓰는제품입니다.
658e871d864d408d43efefb4,658e8712864d408d43efef99,**,5,,주기적으로 넣어주면 효과 있어요
658e871d864d408d43efefb5,658e8712864d408d43efef99,원**,5,네이버사용후기,항상 믿고 쓰는데 역시 좋습니다.
658e871d864d408d43efefb6,658e8712864d408d43efef99,김**,5,네이버사용후기,가볍게 간단하게 사용하기 편한 제품입니다.\n항상 믿고 사용합니다.
658e871d864d408d43efefb7,658e8712864d408d43efef99,**,5,네이버사용후기,엔진올일조만간 갈껀데 그때같이넣으려 구매했습니다
658e871f864d408d43efefb8,658e8712864d408d43efef99,채**,5,,믿고 쓰는 불스원 엔진코팅제 고민 없이 구입 했어요~오자마자 바로 한통 바로 먹였네요~
658e871f864d408d43efefb9,658e8712864d408d43efef99,**,5,네이버사용후기,더 써바야 알겠지만 기분만으론 최곱니다 ㅎㅎ
658e871f864d408d43efefba,658e8712864d408d43efef99,윤**,5,네이버사용후기,새차구입 3km 운행후\n첫 엔진오일교환때\n미래 챙겨가서\n주입완료\n신차 컨디션은 영원하길 기대하며...
658e871f864d408d43efefbb,658e8712864d408d43efef99,조**,5,한달사용후기,그동안 고생했던 내 차에게 엔진오일 교환하면서 불스파워 엔진코팅제 시그니처를 선물했더니 조용한 엔진소리로 보...
658e871f864d408d43efefbc,658e8712864d408d43efef99,**,5,한달사용후기,역시 불스 너으니까\n엔진이 바로 조용해지네요.
658e871f864d408d43efefbd,658e8712864d408d43efef99,**,5,한달사용후기,오래된 자동차인데 세차같은 성능을 발휘하고 있어요
658e871f864d408d43efefbe,658e8712864d408d43efef99,박**,5,한달사용후기,불스파워 엔진코팅제의 최상위 라인 강추추추추 따봉입니다
658e871f864d408d43efefbf,658e8712864d408d43efef99,소**,5,네이버사용후기,불스원 엔진코팅제 엔진보호해주는 효과가 있어 겨울에 강추입니다.
658e871f864d408d43efefc0,658e8712864d408d43efef99,소**,5,네이버사용후기,불스원 엔진코팅제 엔진보호해주는 효과가 있어 겨울에 강추입니다.
658e871f864d408d43efefc1,658e8712864d408d43efef99,**,5,네이버사용후기,만족합니다 다음에 또 이용할께요
658e8722864d408d43efefc2,658e8712864d408d43efef99,김**,5,,엔진 오일갈면서 너어 달라고 부탁했어요\n확실히 겨울철에 엔진소리도 부드러워진듯
658e8722864d408d43efefc3,658e8712864d408d43efef99,**,5,네이버사용후기,불스파워 엔진코팅제 시그니처 300ml\n연비개선 좋아요
658e8722864d408d43efefc4,658e8712864d408d43efef99,김**,5,네이버사용후기,믿고쓰는 불스파워 엔진코팅제입니다. 년 주행거리가 4만키로정도 되어 분기마다 한번씩 넣어줍니다. 엔진오일 365...
658e8722864d408d43efefc5,658e8712864d408d43efef99,**,5,,차량이 조용해지는거 같아요
658e8722864d408d43efefc6,658e8712864d408d43efef99,**,5,네이버사용후기,늘 사용하는 제품입니다~
658e8722864d408d43efefc7,658e8712864d408d43efef99,오**,5,네이버사용후기,배송 빠르고 제품 좋아요. 재구매 의사 있어요.\n배송 빠르고 제품 좋아요. 재구매 의사 있어요
658e8722864d408d43efefc8,658e8712864d408d43efef99,**,5,네이버사용후기,잘모르겠다. 어떤게 좋아진건지.. 그냥 믿고 쓰는거다
658e8722864d408d43efefc9,658e8712864d408d43efef99,최**,5,네이버사용후기,사용후 바로 체감이오는 제품이아니다보니 확실한 후기는 못올리지만 불스원제품 믿고 구매하는거라 확실히 효과있...
658e8722864d408d43efefca,658e8712864d408d43efef99,**,4,,상품이 좋은거 같아요
658e8722864d408d43efefcb,658e8712864d408d43efef99,**,5,네이버사용후기,잘사용하고있습니다^^ㅎㅎ
658e8724864d408d43efefcc,658e8712864d408d43efef99,**,5,네이버사용후기,좋아요 일단 가격도 좋고 가성비 굿입니다
658e8724864d408d43efefcd,658e8712864d408d43efef99,조**,5,네이버사용후기,믿고 쓰는 불스원 좋습니다 믿고 쓰는 불스원 좋습니다믿고 쓰는 불스원 좋습니다 믿고 쓰는 불스원 좋습니다
658e8724864d408d43efefce,658e8712864d408d43efef99,**,5,,처음 넣었을때 확실히 차이를 느낄수있어요
658e8724864d408d43efefcf,658e8712864d408d43efef99,예**,5,네이버사용후기,효과 하나는 최고의 제품이에요.\n할인 받아서 저렴하게 잘 쓰고 있습니다
658e8724864d408d43efefd0,658e8712864d408d43efef99,**,5,네이버사용후기,조아요~~~조아요~~~조아요~~~조아요~~~
658e8724864d408d43efefd1,658e8712864d408d43efef99,양**,4,,엔진오일 교환할때 꼭 넣는데 이게 가장 효과가 있어서 자주 구매합니다
658e8724864d408d43efefd2,658e8712864d408d43efef99,**,5,네이버사용후기,조금더 지나보고 리뷰 다시올리겠습니다
658e8724864d408d43efefd3,658e8712864d408d43efef99,소**,5,네이버사용후기,엔진관리에는 불스원샷 시그니처 제품이 최고봉입니다. 꼭 사시길 바랍니다 ㅎㅎ
658e8724864d408d43efefd4,658e8712864d408d43efef99,소**,5,한달사용후기,엔진관리에는 불스원샷 시그니처 제품이 최고봉입니다. 꼭 사시길 바랍니다 ㅎㅎ
658e8724864d408d43efefd5,658e8712864d408d43efef99,소**,5,한달사용후기,엔진관리에는 불스원샷 시그니처 제품이 최고봉입니다. 꼭 사시길 바랍니다 ㅎㅎ
658e8727864d408d43efefd6,658e8712864d408d43efef99,공**,5,,든든합니다\n쟁여두고 쓰고있어요\n선물로도 좋습니다\n엔진코팅제 추천
658e8727864d408d43efefd7,658e8712864d408d43efef99,**,5,네이버사용후기,많이 파세요 ~^^
658e8727864d408d43efefd8,658e8712864d408d43efef99,**,4,네이버사용후기,좋은상품 빠른배송 추천합니다
658e8727864d408d43efefd9,658e8712864d408d43efef99,방**,5,네이버사용후기,그동안 블랙제품쓰다가 시그니처 써봤는데\n확실히 차가 조용한느낌이 있네요
658e8727864d408d43efefda,658e8712864d408d43efef99,이**,5,네이버사용후기,저렴하게 코팅제 구매할수있어 너무좋습니다!! 넣어주니 엔진소리가 부드러운것같아요
658e8727864d408d43efefdb,658e8712864d408d43efef99,**,5,한달사용후기,엔진 성능이 대폭 향상되었습니다.
658e8727864d408d43efefdc,658e8712864d408d43efef99,신**,5,한달사용후기,항상 믿고 사용하는 불스원 다시 재구매 하겠습니다 좋아요 좋아요~^^
658e8727864d408d43efefdd,658e8712864d408d43efef99,**,5,,체감상 좋아진거같기도하고
658e8727864d408d43efefde,658e8712864d408d43efef99,정**,5,네이버사용후기,확실히 부드러워집니다\n엔진 오일 갈 때 꼭 넣어요\n냉간시 시동도 좀 더 부드러운 느낌
658e8727864d408d43efefdf,658e8712864d408d43efef99,**,5,네이버사용후기,좋아요좋아요좋아요좋아요좋아요
658e8729864d408d43efefe0,658e8712864d408d43efef99,**,5,네이버사용후기,배송빠르고 제품도 굿
658e8729864d408d43efefe1,658e8712864d408d43efef99,**,5,네이버사용후기,배송 빠르네요확실히 느낌이 다르다고하네요\n부드럽대요(신랑이)
658e8729864d408d43efefe2,658e8712864d408d43efef99,**,5,네이버사용후기,연식은 7년차인데... 주파킬로가 3만인 차량에 사용하였습니다. 상품 효과는 좋습니다. 그런데 지속력은 어떤지 아...
658e8729864d408d43efefe3,658e8712864d408d43efef99,**,5,네이버사용후기,제품이 마음에 듭니다
658e8729864d408d43efefe4,658e8712864d408d43efef99,**,5,네이버사용후기,느낌이 달라요!! 변화가 저는 바로 느껴졌어요.
658e8729864d408d43efefe5,658e8712864d408d43efef99,**,5,네이버사용후기,신차출고후 4년된 차량 오너 입니다. 날이 추워지면서 냉간시동 소음이 좀 있었는데 넣고 몇일 지나고나니 어느새인...
658e8729864d408d43efefe6,658e8712864d408d43efef99,구**,5,네이버사용후기,불스원 제품들은 품질이 좋아 항상 믿고 사용합니다....
658e8729864d408d43efefe7,658e8712864d408d43efef99,이**,5,네이버사용후기,엔진교환 할때 마다 넣는데 효과가 있는건지 없는건지 체감하기는 어렵더라구요~ 근데 정비 하시는 분께 여쭤보니 ...
658e8729864d408d43efefe8,658e8712864d408d43efef99,박**,5,네이버사용후기,엔진오일 교체 시 마다 골드만 사용했는데 이번엔 시그니처를 사용해볼까 합니다.
658e8729864d408d43efefe9,658e8712864d408d43efef99,이**,5,네이버사용후기,불스원으로 엔진코팅제 연료첨가제 효과를 느끼고 있어요 적극추천!
658e872c864d408d43efefea,658e8712864d408d43efef99,**,5,네이버사용후기,배송도바르고 좋은거같아요
658e872c864d408d43efefeb,658e8712864d408d43efef99,**,4,네이버사용후기,플라시보인지. 일단 좋습니다
658e872c864d408d43efefec,658e8712864d408d43efef99,**,5,네이버사용후기,빠른배송감사합니다......
658e872c864d408d43efefed,658e8712864d408d43efef99,**,5,네이버사용후기,배송 빠르고 좋아요
658e872c864d408d43efefee,658e8712864d408d43efef99,**,5,네이버사용후기,만족하며 운행중입니다. 시간이 지나다보니 조급 무감각해진듯하나 다음번 오일 교체시 부터는 꾸준히 사용할 예정...
658e872c864d408d43efefef,658e8712864d408d43efef99,여**,5,네이버사용후기,엔진회전질감이 확실히 다릅니다\n저번에 3개 구입\n이번에 4개 구입했어요
658e872c864d408d43efeff0,658e8712864d408d43efef99,**,4,네이버사용후기,빠른배송 감사합니다. 잘쓰겠습니다.
658e872c864d408d43efeff1,658e8712864d408d43efef99,**,4,네이버사용후기,확 바뀐것이 잇는지는 모르겠네요...
658e872c864d408d43efeff2,658e8712864d408d43efef99,**,4,네이버사용후기,좋아요.......
658e872c864d408d43efeff3,658e8712864d408d43efef99,**,4,네이버사용후기,엔진소음도 감소하고 출력도좋아진것같아요
658e872e864d408d43efeff4,658e8712864d408d43efef99,이**,5,,믿고쓰는 불스원이기에 주문해봤어요.\n차 컨디션이 좋아서 딱히 차이는 못 느끼겠지만 더 좋을거라 생각해봅니다.
658e872e864d408d43efeff5,658e8712864d408d43efef99,**,5,네이버사용후기,넣자마자 조용해진 느낌적 느낌....\n다만 지속력은 좀 더 오래 갔으면 합니다. ^^;;
658e872e864d408d43efeff6,658e8712864d408d43efef99,**,4,네이버사용후기,전 제품보다 좋은거 같아요
658e872e864d408d43efeff7,658e8712864d408d43efef99,안**,5,네이버사용후기,차량 관리 필수템입니다 새차사고부터 항상 사용하고 있어요
658e872e864d408d43efeff8,658e8712864d408d43efef99,권**,5,네이버사용후기,1.구매동기 -유튜브 영상보고 엔진코딩제가 없는 것 보다 확실히 효과가 있다는 합리적 결론에 도달하여 구입하게되...
658e872e864d408d43efeff9,658e8712864d408d43efef99,공**,5,,박스로 쟁여놓고 선물도 주고 저도 잘사용하고 있습니다 시그니처 너무 좋아요
658e872f864d408d43efeffa,658e8712864d408d43efef99,공**,5,,엔진오일 갈때 이제는 필수품 입니다\n엔진보호도 되고 확실히 부드럽게 잘나가요
658e872f864d408d43efeffb,658e8712864d408d43efef99,한**,5,,엔진오일 갈때 마다 매번 잘 넣고 있네요~ 좋아요~~~~~
658e872f864d408d43efeffc,658e8712864d408d43efef99,이**,5,,신차 9만km 조금 넘었는데 처음으로 구매했습니다 사용해보고 좋으면 재구매하겠습니다
658e872f864d408d43efeffd,658e8712864d408d43efef99,**,4,,연비향상에 도움이 많이 되네요
